{
    "fp32": {
        "accuracy": 98.33,
        "latency": 0.00579221689017715,
        "time": 0.9093780517578125
    },
    "w8a8_smoothquant": {
        "accuracy": 98.26,
        "latency": 0.010832727335061238,
        "time": 1.7007381916046143
    },
    "alpha": 0.5,
    "model_size_mb": {
        "fp32": 82.66263580322266,
        "int8": 20.665658950805664
    }
}